name,encoder,decoder,accuracy,best_val_accuracy,steps,reservoir_dim,spike_rate,spike_participation,active_unit_fraction,spike_selective_fraction,mean_spike_selectivity,temporal_center_of_mass,temporal_burst_ratio,spike_fisher_ratio,membrane_fisher_ratio,spike_centroid_accuracy,membrane_centroid_accuracy,weight_mean,weight_std,weight_skew,weight_kurtosis,spectral_norm,frobenius_norm,stable_rank,effective_rank,spectral_entropy,top1_energy,top5_energy,spectral_radius,non_normality,reciprocity,symmetric_energy,row_norm_cv,column_norm_cv,top_edge_reciprocity,stable_rank_shuffle_mean,stable_rank_shuffle_std,stable_rank_shuffle_z,effective_rank_shuffle_mean,effective_rank_shuffle_std,effective_rank_shuffle_z,top1_energy_shuffle_mean,top1_energy_shuffle_std,top1_energy_shuffle_z,spectral_radius_shuffle_mean,spectral_radius_shuffle_std,spectral_radius_shuffle_z,non_normality_shuffle_mean,non_normality_shuffle_std,non_normality_shuffle_z,reciprocity_shuffle_mean,reciprocity_shuffle_std,reciprocity_shuffle_z,row_norm_cv_shuffle_mean,row_norm_cv_shuffle_std,row_norm_cv_shuffle_z,top_edge_reciprocity_shuffle_mean,top_edge_reciprocity_shuffle_std,top_edge_reciprocity_shuffle_z
linear_patch__linear,linear_patch,linear,0.968,0.9739,16,64,0.018055989583333334,0.14954033996480315,0.3645833333333333,0.2857142857142857,0.4698415720421112,0.4029373046973841,4.297435914865537,0.631812927501002,1.3066807410344317,0.86,0.932,-0.0013993738684803247,0.051131948828697205,-0.23468583822250366,3.431206226348877,2.02272629737854,3.2736699788792447,2.6193618774414062,10.912048482921243,0.5746416757269327,0.38177236914634705,0.7385072112083435,0.7062975168228149,0.5550145506858826,-0.04111022298617183,0.4894919991493225,0.18654698133468628,0.49138256907463074,0.07444168734491315,16.116020946502687,0.8322326098877929,-16.217411945538867,37.86684346633897,0.5262707771463989,-51.21849084909268,0.06221146620810032,0.0031967236351716022,99.96513286988993,0.4340848571062088,0.023259241613323593,11.703419408166539,0.18244416534900665,0.0034610561368581426,107.64644391901881,-0.00726691526536928,0.022617294767744923,-1.4963464051884452,0.14101575344800948,0.010748344273461982,4.236115510283282,0.0963771712158809,0.02098570566175818,-1.0452583403445104
linear_patch__membrane_mlp,linear_patch,membrane_mlp,0.98,0.9806,16,64,0.021199869791666666,0.16284788700002972,0.3645833333333333,0.21428571428571427,0.43653042349706245,0.432364890425986,3.9503722089986124,0.5391772180282532,0.9598941589822266,0.812,0.916,-0.0007761147571727633,0.04996516928076744,0.03083062171936035,0.5186929702758789,1.231563687324524,3.198156457581907,6.743504524230957,23.401326111381437,0.7580863969942446,0.14829084277153015,0.47714030742645264,0.6084785461425781,0.29055145382881165,0.007608522525596296,0.5207945108413696,0.0978342816233635,0.2770591378211975,0.09429280397022333,16.816015224456788,0.8227378343639631,-12.24267352189124,38.54266194564484,0.4564209865087052,-33.17405702591332,0.05960518643260002,0.002885894826736684,30.730730557916495,0.4218046152591705,0.021660580279700362,8.61814081030658,0.17855907380580902,0.003601820076545201,31.093274412092132,0.0013323275977445682,0.023691606401513063,0.26491217275376056,0.09674209371209144,0.009457014088076175,0.11548972023306295,0.09985111662531018,0.01864034325967789,-0.29818724782340217
linear_patch__spike_mlp,linear_patch,spike_mlp,0.9,0.9005,16,64,0.23447916666666666,0.5451072942670941,1.0,0.171875,0.3243382172062908,0.5786524786699234,2.235768681764909,0.9648074153214216,1.345401256461106,0.72,0.728,-0.005308404099196196,0.14160728454589844,-0.02166293002665043,3.3267788887023926,4.847970962524414,9.06923157184284,3.4996204376220703,9.939089436250958,0.5521856143660243,0.2857452630996704,0.7761335968971252,2.6174769401550293,0.46341609954833984,0.13870784613564774,0.5966371893882751,0.2149835079908371,0.4331870675086975,0.034739454094292806,16.37569389343262,0.7324338629811316,-17.57984455197459,37.9947856330269,0.48738143310308996,-57.56414645947675,0.06119068592786789,0.002851075261158675,78.7613642582496,1.2038781809806824,0.049720628697215906,28.430830345745427,0.181441468000412,0.0038914701975833912,72.45966620097322,-0.005399067705767866,0.020581549740955725,7.001752329400821,0.14055771455168725,0.012956878219546246,5.744114606778813,0.09409429280397025,0.020982591753480107,-2.828765836319197
linear_patch__both_mlp,linear_patch,both_mlp,0.98,0.9788,16,64,0.024305338541666666,0.17705881086546038,0.3958333333333333,0.23684210526315788,0.463368199497387,0.4496688297892706,3.6061738538932095,0.5395360257357431,0.9467241727544261,0.86,0.864,0.00018872586952056736,0.0512414388358593,-0.015445718541741371,0.9943516254425049,1.438319444656372,3.279474559193807,5.198736667633057,21.77104660782503,0.7407231432182361,0.19235441088676453,0.5089619755744934,0.5064299702644348,0.331420361995697,0.024649377102857396,0.5239289402961731,0.10565131157636642,0.29993921518325806,0.09925558312655088,16.65963747024536,0.7926070910272941,-14.459750527538036,38.41263183704165,0.3672930396573079,-45.30874106610778,0.06016311749815941,0.002962444663356275,44.622367136080165,0.4339611482620239,0.02215004827625951,3.2717229822060117,0.1790888100862503,0.002662005852895013,57.224348978715234,0.0013050419578178299,0.022142456031958562,1.0542793948126763,0.10929625973105431,0.009742383563532115,-0.3741330990427974,0.10104218362282878,0.021310605753709112,-0.08383621361710701
linear_patch__all_state_mlp,linear_patch,all_state_mlp,0.972,0.9831,16,64,0.02483268229166667,0.17593002149109563,0.4010416666666667,0.23376623376623376,0.47514367892430454,0.4796931495960971,3.343059025605772,0.6756625061736091,0.893070880898086,0.904,0.832,-0.01836228184401989,0.07369102537631989,-0.1377374678850174,0.5799989700317383,1.934507966041565,4.860436620996977,6.312618732452393,22.420790807222573,0.7477942099084605,0.1584128588438034,0.5062754154205322,0.922105073928833,0.2845190763473511,0.030561094451227008,0.5569995641708374,0.15862058103084564,0.2765302360057831,0.1141439205955335,11.023347339630128,0.48891785824387435,-9.635010314611996,36.93482555455331,0.431700981356202,-33.62057390218213,0.09088885366916656,0.003969047562767255,17.012647015889755,1.1734362053871155,0.04185571605250372,-6.004702706388136,0.17822298943996429,0.003883633767389873,27.370265394212662,0.006478884317849386,0.023881722933562884,1.0083950056858324,0.10255953416228294,0.008355396489793396,6.709561531525707,0.10084367245657569,0.017947967269694137,0.7410448180065387
linear_patch__lif_count,linear_patch,lif_count,0.966,0.9704,16,64,0.017086588541666666,0.13479330413691265,0.3541666666666667,0.3235294117647059,0.46300301751688666,0.4870972763887314,4.105435075763691,0.6223853493868267,1.3892154852403078,0.876,0.92,0.004219204653054476,0.07995305955410004,0.04096512869000435,0.7693221569061279,2.088040828704834,5.124115658266983,6.022265434265137,16.341172126622745,0.6717399273888086,0.16605046391487122,0.6037731170654297,0.9565369486808777,0.3733712136745453,0.04435287731741864,0.5359578132629395,0.0997728705406189,0.31773605942726135,0.08933002481389578,16.74992967605591,0.6581167984591038,-16.30054766404417,38.45882660498079,0.404180833117421,-54.72217548706105,0.05979223020374775,0.0023535233642102368,45.14857822402802,0.681860270500183,0.03587473724423545,7.656548849701505,0.1786428463459015,0.0030394770123175407,64.06640568081392,-0.0007447892308415545,0.024541418349790144,1.8376145137775148,0.10233563095331193,0.00942005848853464,-0.27205355633536904,0.1006451612903226,0.01875861391375007,-0.6031968315171101
mlp_patch__linear,mlp_patch,linear,0.978,0.9839,16,64,0.012503255208333333,0.12060891789358999,0.34375,0.42424242424242425,0.5108066762431897,0.4116309801124562,5.264553026293576,0.6892232516465144,2.104920815559426,0.884,0.948,0.0006525999051518738,0.060093097388744354,-0.004796264227479696,1.1650276184082031,1.7967679500579834,3.8461851764283206,4.582224369049072,16.606729683397443,0.6756160150464043,0.2182346135377884,0.6384520530700684,0.6261287331581116,0.4128095507621765,0.030900054888111053,0.5251497030258179,0.11675522476434708,0.3645938038825989,0.09429280397022333,16.70183629989624,0.8347851581340763,-14.518240786572077,38.460414293932985,0.43615389973141777,-50.10544356932948,0.060023074597120286,0.0030583001251160524,51.73185510518347,0.5042264324426651,0.02473369872562688,4.9285916379802135,0.17892137676477432,0.003647918204034281,64.1155203915324,-0.002148162366785937,0.023492693084327686,1.4067445199351765,0.10998285949230194,0.008828214367446786,0.7671274155980627,0.09925558312655088,0.02155077512027035,-0.23028309323591936
mlp_patch__membrane_mlp,mlp_patch,membrane_mlp,0.984,0.9861,16,64,0.014822916666666667,0.13729870269658023,0.34375,0.36363636363636365,0.47758855110772636,0.45190149589764156,4.556414066479695,0.6340367197062423,1.629340322220825,0.888,0.952,0.00024376652436330914,0.0667342096567154,0.017885694280266762,0.8050045967102051,2.008223056793213,4.271018171574997,4.523128509521484,20.39948397950041,0.7250767922457909,0.22108590602874756,0.554360568523407,0.6837844848632812,0.3617287874221802,0.04159460829908851,0.5332775115966797,0.10596338659524918,0.31112140417099,0.09429280397022333,16.552110767364503,0.8536917080484735,-14.090545971614382,38.40636163791849,0.4997349800591349,-36.03285416659702,0.0605777370929718,0.0032209572114215356,49.83244371164346,0.5646055376529694,0.028093967419250288,4.242154389651963,0.17952565103769302,0.0031877825135209563,57.156702382196364,-0.000228193420602714,0.019715807931522986,2.1212826714964117,0.10352857902646065,0.011171940920023365,0.21793953138658695,0.09409429280397022,0.018783249098374637,0.010568521197447391
mlp_patch__spike_mlp,mlp_patch,spike_mlp,0.818,0.8496,16,64,0.27513020833333335,0.5850865437537598,1.0,0.20833333333333334,0.33255500956365863,0.5456954673503076,1.8880052802270635,1.1449418513672178,1.8206427521683217,0.688,0.684,-0.007098406553268433,0.15062662959098816,-0.04187535122036934,3.6073122024536133,5.6247477531433105,9.650803891234673,2.94388484954834,9.257917450184198,0.5351146164413819,0.33968719840049744,0.793055534362793,2.682681083679199,0.5091057419776917,0.13076898191676137,0.5856804251670837,0.34876155853271484,0.384324312210083,0.04962779156327544,16.144529876708983,0.7709785429732874,-17.12193568481453,37.92520105849812,0.43769335739887383,-65.49627295848853,0.06207975260913372,0.002980803708271495,93.1317433016555,1.2732269549369812,0.06188625346622671,22.774914456752526,0.18279548943042756,0.003665862500613119,89.01322744447954,0.0008121825798561417,0.026139318866494354,4.971698000267528,0.14557906612753868,0.012955647480595132,15.682928445645137,0.10580645161290322,0.019035241796840456,-2.951297422392215
mlp_patch__both_mlp,mlp_patch,both_mlp,0.982,0.986,16,64,0.016848958333333334,0.14789384277233178,0.3541666666666667,0.3088235294117647,0.4755901663435003,0.4444123133492763,4.755238411897932,0.6336902143914769,1.4973162552138146,0.9,0.956,-0.00234255101531744,0.06534954905509949,-0.08869114518165588,0.985926628112793,1.596840500831604,4.185057881637511,6.868783473968506,24.520806901856588,0.769322424867964,0.14558619260787964,0.4773721694946289,0.638321042060852,0.3045053780078888,0.005819369518843539,0.5106650590896606,0.12024615705013275,0.2614634335041046,0.11910669975186104,16.567120304107664,0.6293402922470078,-15.410322443382805,38.35262315629457,0.35924012392205096,-38.50298263854082,0.06044775158166885,0.00234602156946617,36.290561917375626,0.5524069190025329,0.028591837568132362,3.0048478994605277,0.17973915845155716,0.0028092670477335977,44.41237427285097,0.0026750898590516647,0.019735336063242903,0.15932232669947285,0.1052958159148693,0.008704527155492102,1.7175362737343591,0.10253101736972706,0.022788897320399973,0.7273578071412831
mlp_patch__all_state_mlp,mlp_patch,all_state_mlp,0.978,0.987,16,64,0.014665364583333333,0.13421903464941667,0.3489583333333333,0.3582089552238806,0.48418884991632194,0.448768778961149,4.562729207272451,0.7050096581287045,1.2395827553763528,0.9,0.916,-0.014224267564713955,0.08427105844020844,-0.01417634543031454,0.5948166847229004,1.977830171585083,5.469638425324308,7.6478471755981445,25.659645363556415,0.7802382210457767,0.13075575232505798,0.44923317432403564,0.8631142377853394,0.26648274064064026,0.023907763280523867,0.5405241250991821,0.09704027324914932,0.29980573058128357,0.09925558312655088,15.253145046234131,0.689219904034586,-11.034646309712992,38.03322738295757,0.3792450978134808,-32.626873994523436,0.06569327421486378,0.003008732579055234,21.624546682252614,0.8986980390548706,0.08117769333986498,-0.43834457232670104,0.1783667576313019,0.002946270139746536,29.907638753355755,0.005128649933148435,0.024323970047200712,0.772041459964575,0.10156965866684914,0.009008005095646162,-0.5028178125575221,0.09488833746898263,0.018477845157541868,0.23635037637414763
mlp_patch__lif_count,mlp_patch,lif_count,0.978,0.9804,16,64,0.011961588541666667,0.11624475255488564,0.3333333333333333,0.5,0.5032922119394737,0.4666811003965385,4.990941341512858,0.6432746862069676,2.024492551660263,0.896,0.968,0.0014588277554139495,0.08122418075799942,-0.0704694390296936,0.5478949546813965,2.312778949737549,5.199185733131454,5.053618431091309,17.3122145598711,0.6856197298991413,0.19787801802158356,0.5970961451530457,0.7604309916496277,0.3793880343437195,0.025477909089658562,0.5258694291114807,0.15157365798950195,0.2436964213848114,0.0794044665012407,16.88341917037964,0.704273240928107,-16.797174806327664,38.5110023084835,0.41795020952241085,-50.720844889242,0.05933279655873776,0.00252618098954627,54.84374319819819,0.681411544084549,0.02396819995467722,3.2968453081374873,0.17912984699010848,0.003166143080124274,63.24988551867678,0.003370758774792902,0.024896871448245615,0.8879489280739916,0.09787702426314354,0.00875914248256333,6.130352809450394,0.1004466501240695,0.016090928888847424,-1.307704717868282
lif_2x2__linear,lif_2x2,linear,0.898,0.9125,196,64,0.016223533288294373,0.26698247639977435,0.5,0.08333333333333333,0.19234189005509406,0.39720429130796014,7.942274552872317,0.4057442246701906,0.9398028585421484,0.692,0.784,-0.00010552062303759158,0.016948696225881577,-0.3853661119937897,24.46115493774414,0.7503851056098938,1.0847375401126143,2.0896854400634766,3.8095258955406304,0.32160191034974883,0.47854089736938477,0.9534479379653931,0.13685864210128784,0.8283495903015137,-0.007309015772360757,0.5045480728149414,0.39000338315963745,1.667891025543213,0.1141439205955335,12.7950221824646,1.5574904065344248,-6.873452765735867,34.57397380572186,0.970003680070016,-31.715805354429808,0.07933786913752555,0.010016965392258234,39.85269116936247,0.14520454853773118,0.013744995499198982,-0.6071960108629876,0.2074015337228775,0.009090128493038571,68.31015172713701,-0.0011236653249118837,0.02149304736201806,-0.28778378157670936,0.3052206337451935,0.021342857689918383,3.972417876097837,0.0987593052109181,0.019781363244670266,0.7777328182252812
lif_2x2__membrane_mlp,lif_2x2,membrane_mlp,0.914,0.9336,196,64,0.01662563788285964,0.28399776125112236,0.5104166666666666,0.11224489795918367,0.22924248928515165,0.41721580855049867,7.598840424707268,0.43041768696402777,0.8835405518977972,0.7,0.792,0.0035027330741286278,0.04646720364689827,3.7013330459594727,62.72196960449219,2.7971701622009277,2.982338255263986,1.1367789506912231,1.6566218045494152,0.12137404711967612,0.87967848777771,0.9911864995956421,0.3949684500694275,1.2447786331176758,-0.005909571368457771,0.5080698132514954,0.4031500220298767,3.547569751739502,0.1141439205955335,10.935961437225341,1.468829136452219,-6.671424363355747,28.18858884330408,1.883937600900612,-14.083251497327256,0.09304788649082184,0.012356360781294961,63.66199686219006,0.4028880774974823,0.06383998672709405,-0.12405434014123413,0.24503711372613907,0.019696434919042993,50.75748598671337,-0.0034939250761208285,0.020831272130579493,-0.11596249509845671,0.582549267411232,0.04814327977733569,-3.726361108156381,0.09846153846153845,0.016877619018919827,0.9291821385715059
lif_2x2__spike_mlp,lif_2x2,spike_mlp,0.572,0.6168,196,64,0.2477083865194921,0.6045316410785391,0.9791666666666666,0.03723404255319149,0.1370215182971277,0.4890407386138395,2.0859891172295963,0.5787494218664709,0.5418565160961449,0.32,0.392,-0.010059001855552197,0.23103217780590057,-0.6637588143348694,8.99729061126709,10.839109420776367,14.800068334473261,1.8644049167633057,5.3849077917827906,0.4048202735099667,0.5363641381263733,0.8815557360649109,3.005770444869995,0.750237762928009,0.03020108748817793,0.5202434062957764,0.5965126752853394,0.6370941996574402,0.034739454094292806,15.120749435424806,0.9133572414167548,-14.513865897749834,36.91655512080775,0.609635789535616,-51.722106658212894,0.06637343280017376,0.004055263906329477,115.89645364205165,1.9468838572502136,0.09686746092190904,10.93129289796722,0.18981588989496231,0.00486061624865306,115.29852273121683,-0.007164723783744144,0.019616190986261304,1.9048454054149537,0.2049962869286537,0.016512242200724458,23.71067378962672,0.09786600496277917,0.014736996882406813,-4.283542391452055
lif_2x2__both_mlp,lif_2x2,both_mlp,0.91,0.9256,196,64,0.012929634456915664,0.249743026120623,0.4635416666666667,0.07865168539325842,0.18982179107076327,0.42128164064621393,8.612390900642007,0.4508839701972523,0.9056185837201227,0.676,0.792,0.002385981846600771,0.03337020054459572,2.8190433979034424,35.355472564697266,2.0325772762298584,2.141145072187732,1.1096807718276978,1.6202387890315264,0.11603440860106928,0.9011601209640503,0.9906421899795532,0.13660670816898346,1.2752277851104736,-0.0004813468051253373,0.5035507082939148,0.46869924664497375,2.8568947315216064,0.04466501240694789,12.12759973526001,1.2281429131668362,-8.97120265509002,31.68191809843773,1.2323859251778528,-24.393072571863257,0.08326571509242058,0.008224084262010533,99.45112182881259,0.284914488196373,0.031212034827194833,-4.751621637246476,0.22317344903945924,0.011480070241843285,91.64180304719916,-0.0010671959374500234,0.018982298373719623,0.030862918746223864,0.43835368514060974,0.03287690765773996,0.9230053452797893,0.09667493796526055,0.017660004227652903,-2.945068692388701
lif_2x2__all_state_mlp,lif_2x2,all_state_mlp,0.94,0.951,196,64,0.004391847377754554,0.17407567020154965,0.359375,0.08695652173913043,0.34277750569604126,0.4447947712043875,9.435061661185546,0.5926103889752088,1.0306434767181447,0.748,0.62,-0.06914377212524414,0.14542479813098907,-0.3014482259750366,0.8113613128662109,6.186596870422363,10.305635884381193,2.7748913764953613,13.715802450799337,0.6296278542056893,0.36037448048591614,0.6676011681556702,4.652783393859863,0.38589468598365784,0.11282716406532996,0.6495357751846313,0.2708077132701874,0.2207399159669876,0.1588089330024814,4.761681022644043,0.0685661811799289,-28.97623306357139,29.55007141208284,0.30057789650571404,-52.679419030342736,0.21005270451307298,0.0030359300852758953,49.514241682275895,4.425238170623779,0.029391559695733625,7.74185601552522,0.17434923619031906,0.005019384676645706,42.14569382928982,-0.0007789704818165816,0.019964614762059674,5.690374490122454,0.10542253226041794,0.00989511758528801,16.713816645864114,0.09955334987593051,0.01849877891951883,3.2032159195128203
lif_2x2__lif_count,lif_2x2,lif_count,0.864,0.902,196,64,0.003313669232282943,0.0572655183690145,0.2916666666666667,0.39285714285714285,0.4439840364695277,0.5335870253826713,14.27744764883215,0.1442392543870032,0.3482019290664196,0.176,0.44,0.0036279945634305477,0.06504836678504944,-0.3304266929626465,3.6718239784240723,2.0542566776275635,4.169565311526486,4.119761943817139,13.019310366522015,0.6170968542985233,0.2427324652671814,0.6796092987060547,0.6012710332870483,0.4448016583919525,0.028643369604846255,0.5241817235946655,0.26058289408683777,0.4620755612850189,0.09925558312655088,15.983736190795899,0.7350430813238259,-16.140515499597015,37.900954964827804,0.46128750639382177,-53.939558850881205,0.06269684836268424,0.002965177034051817,60.71665024954155,0.556283563375473,0.026251880098677013,1.7136856386085086,0.18308049082756042,0.003374677733848608,77.55441799354143,0.0008546644417048374,0.02316788924186792,1.1994491545187025,0.14024092718958855,0.009689375171186376,12.41999249395505,0.096575682382134,0.020988579628583727,0.12768375906520119
cnn2__linear,cnn2,linear,0.982,0.9905,49,64,0.007940688722747533,0.1418893970923956,0.375,0.375,0.48981678359696496,0.47603256640860536,7.544911714852055,0.8913411134706545,2.623548904399548,0.912,0.968,-0.0015610783593729138,0.05677863210439682,-0.07760923355817795,1.0154743194580078,1.8155651092529297,3.635205602485074,4.008984088897705,15.174163929745673,0.65392418725838,0.2494397610425949,0.649512529373169,0.6865692734718323,0.4410238265991211,-0.014169770282995677,0.5017232298851013,0.12892961502075195,0.42631691694259644,0.08933002481389578,16.727828998565673,0.7615001656117611,-16.702353438689165,38.32529491753703,0.4401031928361971,-52.603869648380446,0.05990436799824238,0.002779560701223284,68.18897423644609,0.4841126066446304,0.03056777735837429,6.623205359474304,0.17968229711055755,0.004090701744339062,63.88672306657954,-0.0024377663858669435,0.022956108646519837,-0.5110623964095637,0.10810873076319695,0.00844135405294777,2.466533701460399,0.09776674937965263,0.019318577232809234,-0.43671562683345777
cnn2__membrane_mlp,cnn2,membrane_mlp,0.99,0.9912,49,64,0.012389030585065484,0.17991359271746724,0.375,0.2222222222222222,0.458085092492546,0.5202162898901067,7.087916769607075,1.0665141833667886,2.5199239769933017,0.908,0.964,0.004027173854410648,0.06338219344615936,-0.018714696168899536,0.4381675720214844,1.885361909866333,4.064640361647172,4.647878646850586,20.61697860894335,0.7276268363376841,0.21515190601348877,0.5405351519584656,0.5540872812271118,0.3601309359073639,-0.03783730163763639,0.49186086654663086,0.13197371363639832,0.2832670509815216,0.09925558312655088,17.018580493927,0.8297062836483078,-14.90973624145777,38.634384630162714,0.3819182889313111,-47.1760754679644,0.058899734318256375,0.0029444284800857587,53.0670630147829,0.5376151698827744,0.03202687940840684,0.5143214589933992,0.17755986839532853,0.003114444149491771,58.62075502038723,-0.0022469475807322605,0.021554422718666304,-1.651185676435797,0.09742089852690697,0.009301892244738532,3.714600664078387,0.09498759305210916,0.02185210525060586,0.19531253513083752
cnn2__spike_mlp,cnn2,spike_mlp,0.956,0.969,49,64,0.15400956739807345,0.49875330919457733,0.96875,0.22580645161290322,0.32188914296057686,0.6147456154412838,2.7818875275712034,1.714917594408598,3.5100700304327717,0.828,0.808,-0.029381034895777702,0.13550592958927155,-0.17778322100639343,4.289334774017334,4.781509876251221,8.873894851003147,3.444279909133911,10.773421292211593,0.5715674285152097,0.2903364598751068,0.7427470684051514,2.136216640472412,0.43458694219589233,0.08542749125477395,0.5879492163658142,0.3675604462623596,0.3161928057670593,0.17369727047146402,12.545989799499512,0.6509183850893641,-13.982874195688964,36.83600498619858,0.39669314667693695,-65.69960664133202,0.07991843983530998,0.004170458359862219,50.454410974324766,1.8801858687400819,0.11067093616012762,2.3134418178399097,0.18243003129959107,0.0041387314795113235,60.92613452807874,0.0007121835144994589,0.018096775562645988,4.681237684968448,0.1510852786898613,0.00995793024427115,21.738972081777497,0.09776674937965261,0.019781363244670266,3.838487780273158
cnn2__both_mlp,cnn2,both_mlp,0.988,0.9916,49,64,0.011984481270328008,0.16590861765380163,0.3854166666666667,0.24324324324324326,0.4561231263064,0.5252242494297519,6.915580795947144,1.0041086291170767,2.369527715849359,0.9,0.96,0.0036515151150524616,0.07127146422863007,0.14470021426677704,0.8370499610900879,2.109851598739624,4.567356399091094,4.686255931854248,17.825627497103028,0.6926468263582951,0.21338997781276703,0.6076176166534424,0.673275887966156,0.38658154010772705,-0.022127106342671808,0.5053799748420715,0.1265682727098465,0.3170793652534485,0.12406947890818859,16.80811918258667,0.8023997765435388,-15.107012246375769,38.46219182860664,0.43523015448715713,-47.41529078062205,0.05962725088000297,0.002830635204568787,54.32092651309618,0.6042006039619445,0.028244597452524944,2.4456104966734604,0.17901807337999343,0.0036169071264341825,57.38700482817352,-0.0009842942078633877,0.02287553948897426,-0.9242541425088141,0.10092708185315132,0.008171056397610399,3.1380508968453418,0.10114143920595535,0.018155407168478237,1.262876645479003
cnn2__all_state_mlp,cnn2,all_state_mlp,0.988,0.9915,49,64,0.00658715981025792,0.12238087985033366,0.3697916666666667,0.49295774647887325,0.536717584304225,0.531188078274889,7.170906220982273,1.0151005452552504,2.199678053407957,0.928,0.956,-0.03722178563475609,0.09572204947471619,0.06651638448238373,0.2352750301361084,3.466249465942383,6.573074395352295,3.5959818363189697,19.581697095668353,0.7152389833235863,0.27808818221092224,0.5539302229881287,2.559462547302246,0.3070752024650574,0.08795788150559486,0.6130121350288391,0.15723370015621185,0.18016189336776733,0.1141439205955335,6.27769811630249,0.13675595407354452,-19.609502914522825,32.90397556845706,0.4031088007893938,-33.04884052816548,0.15936831146478653,0.003479434336575824,34.12045156252903,2.3830210065841673,0.036801800448358075,4.794372518966007,0.1759144389629364,0.005352294073144786,24.505522624442857,0.0015158566522760558,0.025412354405804888,3.4015748195914126,0.08849386811256409,0.008807518423344114,7.804676497917337,0.09796526054590572,0.021847504419905843,0.7405266861915343
cnn2__lif_count,cnn2,lif_count,0.986,0.9905,49,64,0.012813988070721583,0.17747103601629072,0.3854166666666667,0.21621621621621623,0.43698840218853247,0.5420641130143252,6.529785162375025,0.9127962606606562,2.3791311062697362,0.924,0.976,0.004696541000157595,0.0862496942281723,-0.07192903012037277,0.12072134017944336,2.2115094661712646,5.528158067223742,6.248608112335205,16.929508599890045,0.6802446987841757,0.160035640001297,0.606756865978241,1.3744075298309326,0.3565573990345001,0.07172659293310807,0.5508444309234619,0.11152786761522293,0.19094151258468628,0.10918114143920596,17.067297744750977,0.7555522044208034,-14.31891743431447,38.55724370368189,0.5315287914801224,-40.689677493416944,0.05870579518377781,0.002635666817003967,38.445619971307124,0.735103245973587,0.033294342836389344,19.201588900520733,0.17789640843868257,0.003749921618926669,47.643926660780515,-0.009444697350351946,0.02314822258052606,3.5065884648848633,0.08878450199961663,0.007209982310486053,3.154427380845139,0.10143920595533498,0.0179960717342277,0.4302014127419915
cnn3__linear,cnn3,linear,0.992,0.9936,49,64,0.015321641193683415,0.17362982046359315,0.546875,0.5523809523809524,0.6161669314623475,0.4537914039679903,6.635965270433146,1.4050146463521094,3.8847794315743047,0.948,0.972,0.004453744739294052,0.08403176069259644,0.08401476591825485,1.3165583610534668,2.564984083175659,5.385580959310436,4.408549785614014,14.797517620003864,0.64788054492441,0.22683195769786835,0.6511082649230957,0.7752960920333862,0.42078855633735657,0.0005313052320120503,0.5096355080604553,0.11329904198646545,0.4286176860332489,0.10421836228287841,16.52433624267578,0.835683906964476,-14.498049269694498,38.31577076212349,0.4810558058632864,-48.88882507075155,0.060672180578112606,0.003143413117115304,52.859669069600315,0.7065294659137726,0.036054208240981586,1.9073120579985146,0.18000660926103593,0.0035785672322442602,67.28445532803832,0.005377699674422405,0.02230169816705362,-0.2173105566270263,0.1115576158463955,0.010328485106726572,0.1686042165986018,0.10084367245657568,0.01551458843427429,0.21751719941519604
cnn3__membrane_mlp,cnn3,membrane_mlp,0.988,0.9933,49,64,0.01739498304418521,0.18456556888195322,0.5520833333333334,0.5188679245283019,0.5991678430623367,0.48757113727672413,5.709755151415753,1.5732107776566,3.5216721812003846,0.94,0.964,-0.006748607382178307,0.08315371721982956,-0.02943444810807705,0.6533935070037842,2.5920112133026123,5.339335977652182,4.2432708740234375,17.433525401558576,0.6872987391919646,0.23566724359989166,0.6118016242980957,0.758001983165741,0.3982463777065277,-0.006459774190966758,0.5097560882568359,0.12917110323905945,0.3314260244369507,0.08436724565756824,16.763632316589355,0.8368212617951418,-14.961810859952752,38.37848899704396,0.4834644284479124,-43.32265697959608,0.05979711256921291,0.0029532671374999523,59.551040539989614,0.7022322928905487,0.03446148594569221,1.6183193714594792,0.17923467487096786,0.003045549311278878,71.91205278616656,0.0008300195795797829,0.025604300621987805,-0.2847097399054282,0.1013945272564888,0.007289020496417347,3.8107419228994095,0.10114143920595535,0.02012496581636351,-0.833501716298474
cnn3__spike_mlp,cnn3,spike_mlp,0.986,0.987,49,64,0.1782200264921994,0.48853225040302856,0.9895833333333334,0.33157894736842103,0.42235525487629755,0.5516734341878634,2.477270021721667,3.4468787436480017,5.400048980613958,0.912,0.904,-0.019877949729561806,0.07758937776088715,-0.3767034411430359,1.043543815612793,2.9675025939941406,5.126094422136428,2.9839463233947754,8.010291083018137,0.5003091115250684,0.335126668214798,0.830863356590271,1.7863819599151611,0.45322346687316895,0.18947244171179775,0.6355090737342834,0.29983022809028625,0.3004396855831146,0.08436724565756824,10.505259780883788,0.4562309039471279,-16.48576059275601,36.60198595498181,0.3905184748768731,-73.2147048381728,0.09536525577306748,0.004114440064615298,58.27315714323045,1.2685673642158508,0.040586626993920176,12.758256451734171,0.18017192631959916,0.003296982317712697,82.81862449993396,0.004438163741657843,0.021643525078363268,8.549174743956849,0.11166998699307441,0.009726390233469238,19.34533126685976,0.09975186104218363,0.02028318965036507,-0.7584909301648463
cnn3__both_mlp,cnn3,both_mlp,0.992,0.9941,49,64,0.019948129347991197,0.18214183036998252,0.5677083333333334,0.5963302752293578,0.6118427029861718,0.4918273717219367,5.049593144752192,1.5767967112839592,3.306248166638775,0.952,0.956,-0.0032253609970211983,0.09364379197359085,-0.12527653574943542,2.4074325561523438,3.171675682067871,5.996756630703853,3.574829339981079,13.83766138656899,0.6317547063213593,0.2797336280345917,0.685954213142395,0.8270894885063171,0.46930864453315735,0.003521821794636722,0.5099015831947327,0.15979434549808502,0.42049625515937805,0.09925558312655088,16.186749935150146,0.7495641433987131,-16.82567223397778,38.149331715228314,0.40321824943012496,-60.29407241120513,0.06191099129617214,0.002914880846091562,74.72780132007402,0.7996536576747895,0.042369308944733494,0.6475402010288853,0.18122868806123735,0.0030826770565445575,93.45122800337552,0.0043466993901613215,0.022165030811982633,-0.037215269517183014,0.12758533731102945,0.009338630695712676,3.449007593997971,0.0969727047146402,0.022824159943484006,0.10002026000358474
cnn3__all_state_mlp,cnn3,all_state_mlp,0.998,0.9941,49,64,0.009492346926766914,0.1250264993971275,0.5,0.7708333333333334,0.6680971263184295,0.50891593487839,6.1357847582823615,1.9455950772577761,3.3416708995059268,0.944,0.948,-0.0358269028365612,0.08167710900306702,0.10435844212770462,0.04775857925415039,3.220404624938965,5.708109978902824,3.141693353652954,18.072923910659547,0.6959596708343151,0.31829968094825745,0.5588240623474121,2.4524710178375244,0.3354340195655823,0.06832968760945601,0.6151029467582703,0.14810211956501007,0.14780893921852112,0.07444168734491315,5.326823329925537,0.0821621609825887,-26.595332329874356,31.108023281061634,0.3417011266566497,-38.147662836066964,0.18777263909578323,0.0028779494853307984,45.35418099510913,2.2939187335968017,0.025554096568043163,6.2045740423083995,0.17457247018814087,0.005834453216535227,27.570972532875764,0.0018020253208496455,0.021431177297216508,3.104246741369967,0.08556649431586266,0.007535446427459455,8.298861368221688,0.09846153846153846,0.024133269406755944,-0.9953003346451319
cnn3__lif_count,cnn3,lif_count,0.99,0.9931,49,64,0.01763584189109194,0.19227287736205365,0.4895833333333333,0.3829787234042553,0.5334322477628218,0.5253463937707377,4.934417730945477,1.1887091400151122,3.1099873294817915,0.964,0.988,0.005968000739812851,0.07437041401863098,-0.058126531541347504,0.41129398345947266,2.1540653705596924,4.775006974300065,4.913944721221924,17.322065704480817,0.6857565134341276,0.20350249111652374,0.5967145562171936,0.7859550714492798,0.373417466878891,0.04405962900979089,0.5354896187782288,0.11765729635953903,0.257152795791626,0.07444168734491315,16.83686996459961,0.631711322537259,-18.87400908929325,38.50218635589774,0.3639085789681304,-58.201762408222294,0.05947644747793675,0.0022586073386839764,63.76763290006253,0.6336974000930786,0.03562961899686585,4.27334548173514,0.17933559477329253,0.0033533658879484857,57.87673596940339,-0.005331097831615181,0.02547573072069092,1.9387364147828676,0.09538077637553215,0.007491390215968784,2.973616290407867,0.09895781637717121,0.017435723828409667,-1.4060861065206613
res_cnn__linear,res_cnn,linear,0.99,0.9932,98,64,0.009761054463830078,0.1888710564488764,0.6041666666666666,0.5775862068965517,0.6227967051476553,0.6753540341742799,9.056105229322831,1.4627540401021342,2.9284425417698325,0.948,0.972,-0.0018655345775187016,0.07937859743833542,0.014042064547538757,0.5603451728820801,2.4803550243377686,5.081633028090255,4.197385787963867,16.350197844707303,0.6718726979952747,0.23824352025985718,0.6001958847045898,0.8159337043762207,0.4104439318180084,0.008458751701360482,0.512908935546875,0.11599770188331604,0.34700000286102295,0.0794044665012407,16.86381435394287,0.8309355344241599,-15.243575513661076,38.57402230558771,0.3639165435627625,-61.068464333355045,0.05944130919873714,0.002960428217646653,60.39741480482716,0.6731587052345276,0.03950732310645132,3.613886943364654,0.17874480605125428,0.0028801727786735448,80.44625915583526,-0.0005301500329232262,0.020104049664579137,0.44711895783470174,0.09987444370985031,0.008377324648354629,1.9246309353228255,0.10471464019851118,0.025743463531180868,-0.9831689378787133
res_cnn__membrane_mlp,res_cnn,membrane_mlp,0.992,0.9934,98,64,0.015195046860472454,0.20843929692434596,0.6197916666666666,0.5210084033613446,0.58213605842794,0.6948629442599533,7.684744874762585,1.934451805217595,2.870794135353286,0.956,0.952,0.0034555699676275253,0.07604870200157166,0.0002782370138447732,0.24248480796813965,2.2570154666900635,4.872138919985723,4.65983247756958,17.80740448633864,0.6924008911675613,0.21459998190402985,0.596557080745697,0.858085572719574,0.3896750807762146,-0.025960698022453835,0.4991036355495453,0.1505204439163208,0.25069624185562134,0.07444168734491315,16.9402672958374,0.7083214690808127,-17.337374842250814,38.57457672176438,0.48300803879592374,-42.995500214024595,0.05913492411375046,0.0025436018838009664,61.12004350223399,0.638256858587265,0.030413353055443168,7.228032822673775,0.1781410586833954,0.0035512852969278173,59.56548246794344,-0.0003158078142905879,0.025274720242704534,-1.0146458580709934,0.09180215820670128,0.0067170489930983,8.74167893816942,0.1032258064516129,0.019181494871986792,-1.5006191800377828
res_cnn__spike_mlp,res_cnn,spike_mlp,0.988,0.987,98,64,0.23576307411558808,0.5581865727808171,1.0,0.07291666666666667,0.25227470146302705,0.4628569884396984,1.9700428316379457,2.654838456248015,3.9615353156374735,0.892,0.932,-0.01668364927172661,0.07494140416383743,-0.23953118920326233,1.4896502494812012,2.933871030807495,4.913665609903888,2.804975748062134,8.718699817368046,0.5206855013441934,0.3565092980861664,0.8162319660186768,1.5026156902313232,0.47283485531806946,0.16635693399893758,0.6184954047203064,0.25614574551582336,0.3598370850086212,0.1141439205955335,12.11590353012085,0.5959666650781313,-15.62323587484218,37.12642909427031,0.4491276942075083,-63.25089644500339,0.08272732198238372,0.003971645536376014,68.93414167911847,1.060934898853302,0.047457126662434054,9.306943391658082,0.17977845191955566,0.00411007400897094,71.30197722933164,-0.006656229226694033,0.0180064881094342,9.608379056157222,0.11713377580046654,0.009455488611069733,14.701722505658005,0.10431761786600496,0.02104311042101332,0.46696056490375765
res_cnn__both_mlp,res_cnn,both_mlp,0.992,0.994,98,64,0.014280931208428228,0.2063523555257613,0.59375,0.49122807017543857,0.572328874656236,0.6909292573764311,7.915925957971789,1.6643406959173859,2.8307964744258283,0.932,0.932,-0.00016956636682152748,0.07869740575551987,-0.04139547422528267,0.40201878547668457,2.2871572971343994,5.03664568526625,4.849430084228516,16.675618417359228,0.676611393302048,0.20620980858802795,0.6191400289535522,0.8563060164451599,0.39225831627845764,-0.012972465875155315,0.5027734041213989,0.15096308290958405,0.2699577212333679,0.15384615384615385,16.94425880432129,0.6933676106443967,-17.443602115841806,38.55846712704309,0.4200245963974173,-52.09896967314464,0.059112852066755296,0.002391852322502293,61.49918000262813,0.6656229305267334,0.03830631029016286,4.977850502281195,0.17842490553855897,0.0034140969728600596,62.63249475329519,-0.004206322886676946,0.02097220534752555,-0.41798861126985204,0.09432926326990128,0.007255439463233171,7.805704937195574,0.09895781637717121,0.0229383890950359,2.392859291102575
res_cnn__all_state_mlp,res_cnn,all_state_mlp,0.988,0.994,98,64,0.006492346951796207,0.14605725065769615,0.5416666666666666,0.7307692307692307,0.6560117421009537,0.7341632785543611,9.644369651941505,2.058625757949513,2.8010454439655734,0.94,0.932,-0.034186951816082,0.07380923628807068,-0.11316318064928055,-0.06586265563964844,2.7834644317626953,5.20589998495172,3.4980037212371826,16.778037568277416,0.6780836794485342,0.2858773469924927,0.6009116172790527,2.240118980407715,0.2992434799671173,0.16026647921451614,0.6602945923805237,0.16861627995967865,0.1660975068807602,0.14392059553349876,4.9377524852752686,0.08930456322553369,-16.121782717889573,30.214184611835062,0.3563845867456485,-37.70125741477989,0.20258641213178635,0.0036750875751182417,22.66365988789438,2.1876832485198974,0.02346839450465856,2.234312699891285,0.17344584733247756,0.006218148146407788,20.230722985799684,0.007268531956484173,0.018195939133805766,8.408356729100124,0.08796634152531624,0.007055618732639543,11.430597583351965,0.10004962779156326,0.014403056586493266,3.0459484400746097
res_cnn__lif_count,res_cnn,lif_count,0.986,0.9914,98,64,0.017104273090090525,0.22723116415218478,0.546875,0.3619047619047619,0.4884942720131976,0.6508728054607129,5.890499869566429,1.3259331877979863,2.5379319425409084,0.96,0.976,0.006903114728629589,0.06512217968702316,-0.03933737799525261,0.17086434364318848,1.7435359954833984,4.191170293844768,5.778415203094482,17.694988765172187,0.690878156776822,0.17305783927440643,0.5847281217575073,0.7417722940444946,0.35477709770202637,0.07415609056319594,0.55190509557724,0.1129501685500145,0.2133914977312088,0.06947890818858561,16.569858417510986,0.8047356677747223,-13.409922843680219,38.49658405820121,0.45622952205242107,-45.59458405815068,0.06049064144492149,0.002949594353952631,38.16361991561254,0.5655788910388947,0.0343032196782777,5.136351766920972,0.17858361423015595,0.003975960533602855,44.31469628100432,-0.0008889596425953,0.023003421452972236,3.262342967510809,0.09048564523458481,0.007636226637729709,2.9418355925209294,0.09607940446650126,0.02128700648426795,-1.249611884018291
rows__linear,rows,linear,0.968,0.9703,28,64,0.01307514920446556,0.11333583226144116,0.4166666666666667,0.625,0.5965453762806434,0.4153553379649441,4.6840983603716815,0.7616978500046727,1.345436263076953,0.828,0.9,0.0054872846230864525,0.08776222914457321,0.09075257927179337,1.5842413902282715,2.7902185916900635,5.627750656666771,4.068115234375,12.559837545545767,0.6084576497977319,0.24581408500671387,0.7124559879302979,0.7335635423660278,0.46946802735328674,-0.034004237636410486,0.4971465766429901,0.12416056543588638,0.625735342502594,0.09429280397022333,16.715511512756347,0.7170714583901814,-17.63756754002541,38.259369948608125,0.3689511675104519,-69.65564732176738,0.05993366256356239,0.002597602185785954,71.55846397892903,0.7411713218688964,0.03529292980077937,-0.2155610074259297,0.18009968370199203,0.0034286009770100583,84.39837286158651,0.00016690443224826545,0.023838944111804712,-1.4334167615979971,0.11952630430459976,0.010734018941519489,0.43173588164272453,0.10173697270471464,0.02010897497863571,-0.3701913569637533
rows__membrane_mlp,rows,membrane_mlp,0.988,0.9827,28,64,0.014682292111140366,0.1253902193430975,0.4583333333333333,0.5113636363636364,0.5951501482082248,0.44406290011427535,4.200974997940408,0.6661140578628693,1.0537123673574478,0.804,0.904,-0.0023654401302337646,0.08272145688533783,-0.17064619064331055,1.3146662712097168,2.700517177581787,5.296337359214141,3.846426010131836,15.272855154374861,0.6554829806782502,0.25998160243034363,0.6501092314720154,0.7954248189926147,0.4312160909175873,-0.004327161808468025,0.5083588361740112,0.13294853270053864,0.48285338282585144,0.09925558312655088,16.730210571289064,0.6779391023808646,-19.004339056281705,38.40284565860253,0.4482223128501955,-51.60383550998756,0.05987163387238979,0.002511687554084485,79.67152133733221,0.7113603353500366,0.03096095267224997,2.715177550654776,0.17940714240074157,0.0037287549377739157,67.53164332842341,-0.0012522315941335992,0.021804024350782554,-0.14102581087165522,0.11373706087470055,0.01139218971494166,1.6863721818678008,0.10193548387096772,0.02317383519372242,-0.11564338496472984
rows__spike_mlp,rows,spike_mlp,0.93,0.9404,28,64,0.17873363215460752,0.42968442747960417,0.96875,0.3870967741935484,0.4258300059686234,0.585404807257519,2.2579122846494957,1.4129397550003246,1.7707136199823168,0.764,0.776,-0.007114505395293236,0.10727210342884064,-1.1492403745651245,5.657834053039551,5.07843542098999,6.880497069921564,1.8356071710586548,6.048517922645872,0.4327636133293038,0.5447788238525391,0.8447821140289307,1.7675012350082397,0.7450999617576599,0.08114591935148859,0.5541139245033264,0.6079216003417969,0.3756275177001953,0.06451612903225806,15.749148616790771,0.9924776986374142,-14.018996562677632,37.52867986353099,0.510956951062844,-61.61020390348557,0.06374262675642967,0.004011516463306176,119.91380354442151,0.9152635085582733,0.04966497707491405,17.15973260522121,0.18559831291437148,0.004905151175634817,114.06409890534691,0.0015167120222263786,0.023023137205620027,3.458660156437084,0.17389290452003478,0.014314028684214494,30.3219104416361,0.09468982630272953,0.0171576224262103,-1.7586176290007156
rows__both_mlp,rows,both_mlp,0.986,0.9844,28,64,0.016040551062556915,0.12866677116034822,0.46875,0.5666666666666667,0.6043450766079661,0.4334366964232957,4.290621738073787,0.6821280412052214,1.0548615052861232,0.828,0.888,-0.0016956746112555265,0.07766623795032501,-0.08405687659978867,1.2007904052734375,2.5081772804260254,4.971823839155774,3.929298162460327,15.722542048892546,0.6624604314788549,0.2544983923435211,0.6413030028343201,0.7882260084152222,0.4286898672580719,-0.011694478709279825,0.5061743259429932,0.11781550198793411,0.48682305216789246,0.10421836228287841,16.73523681640625,0.7780323362340401,-16.459391284340867,38.3148836305386,0.4067449591595361,-55.54424479735161,0.05988026939332485,0.0027724426259114606,70.19734912862774,0.6618441319465638,0.038173565076935076,3.3107171471657972,0.179354450404644,0.0026899896956829243,92.69010110097376,0.0036777890534941265,0.020087897781391296,-0.7652501984062398,0.10824298486113548,0.009759341979485426,0.9808568187200007,0.09240694789081888,0.022394651412116415,0.5274212210183845
rows__all_state_mlp,rows,all_state_mlp,0.986,0.9835,28,64,0.013547991476526173,0.11231175561126319,0.5416666666666666,0.7211538461538461,0.6679726662499511,0.46208504126555155,3.207630132262527,0.8422241100004657,0.9503386251740928,0.864,0.812,-0.039106518030166626,0.09575425833463669,-0.14253860712051392,0.5743753910064697,3.0406477451324463,6.6196538118964705,4.739563465118408,21.6681373661339,0.7395838728113705,0.21098989248275757,0.5255758762359619,2.6546685695648193,0.25463253259658813,-0.026831667197685757,0.5641210675239563,0.12844213843345642,0.22384695708751678,0.1488833746898263,5.877247772216797,0.08121775685625873,-14.00782724290073,32.241726490871116,0.39036594859265095,-27.086351058172887,0.170179643034935,0.002361517867370206,17.28136382608403,2.5015537261962892,0.028150422853068128,5.439166728248348,0.17554139494895935,0.0045139817929759785,17.521368333983816,-0.004638998919358206,0.02633108928270572,-0.8428313785295511,0.09785547986626625,0.00797785671484511,3.83394433623693,0.09498759305210917,0.01985136982671356,2.7149653705605106
rows__lif_count,rows,lif_count,0.966,0.9679,28,64,0.016695312956386866,0.12223956532611521,0.4479166666666667,0.5813953488372093,0.5884274736554027,0.5090634516418765,3.986222246618292,0.5156810961102343,1.3726441422409377,0.724,0.896,0.0010037452448159456,0.09755178540945053,-0.09637657552957535,0.390963077545166,2.8637967109680176,6.243644840244621,4.753264427185059,16.753142835660803,0.6777266434653431,0.21038171648979187,0.5982282161712646,1.1610130071640015,0.38627123832702637,0.0307175290113213,0.5269681811332703,0.10430091619491577,0.23354771733283997,0.11910669975186104,16.825187797546388,0.7813888977452417,-15.449315194003653,38.521410293920546,0.4229244781466642,-51.470814727141,0.05956014208495617,0.0027610951269824336,54.62382405117158,0.8239695310592652,0.035236872238568834,9.565079267615085,0.17846097886562348,0.0035982804992607375,57.75265699939103,-0.00017543032624943485,0.02444639468751603,1.2637020604656584,0.09479351684451104,0.007979177212133324,1.1915262811743996,0.0969727047146402,0.014912288090220348,1.4842789317983047
